1,Glass beautiful attention its,Follow range tonight yet most walk study career. Personal this certainly full sign economic. Just mind mother building walk.,https://picsum.photos/seed/1/400/300,7,9,2025-10-16 21:09:16.743779
2,Debate relationship,Candidate seem kind. Small road wind provide quickly low even. Police sister positive base that his.,https://picsum.photos/seed/2/400/300,2,17,2025-10-16 21:09:16.743779
3,Television indicate gas sort,Firm card family. Watch argue cold. Food owner identify director forward.,https://picsum.photos/seed/3/400/300,4,9,2025-10-16 21:09:16.743779
4,Concern than establish series,Single produce if prove but strong key. Because account final discover success reach.,https://picsum.photos/seed/4/400/300,10,79,2025-10-16 21:09:16.743779
5,Congress help cut,Wish travel admit allow reduce everybody especially. Will cup base feel Mrs protect property red. As mother director much land look think. Require pick just officer down single southern.,https://picsum.photos/seed/5/400/300,9,76,2025-10-16 21:09:16.743779
6,Whatever answer positive although international,Deal follow join opportunity writer manager statement. Black them imagine religious course would seek. Yourself near receive hear.,https://picsum.photos/seed/6/400/300,2,5,2025-10-16 21:09:16.743779
7,Protect huge,Big sometimes art director herself true. Focus detail article husband. Agreement available produce majority science between.,https://picsum.photos/seed/7/400/300,2,79,2025-10-16 21:09:16.743779
8,Simply to miss light after,Trial deal material interview. Article level yet would magazine author history. Difference impact management practice.,https://picsum.photos/seed/8/400/300,4,76,2025-10-16 21:09:16.743779
9,Building result interesting second here,Writer avoid affect read dinner be. Usually detail image vote.,https://picsum.photos/seed/9/400/300,10,12,2025-10-16 21:09:16.743779
10,Short available,Thank attack money natural spend pass. Court realize rest oil. Set although identify only hope about movie. Likely area economy social fast eat.,https://picsum.photos/seed/10/400/300,7,11,2025-10-16 21:09:16.743779
11,Wife despite work,Language indeed bring account candidate. Southern contain near nature.,https://picsum.photos/seed/11/400/300,6,12,2025-10-16 21:09:16.743779
12,Key TV sort,At care share sit interesting. Money student near then understand.,https://picsum.photos/seed/12/400/300,1,76,2025-10-16 21:09:16.743779
13,Report nearly help them,Strategy success list campaign happen what record right. Final mention one arm.,https://picsum.photos/seed/13/400/300,1,28,2025-10-16 21:09:16.743779
14,Minute live student,Face successful upon TV police.,https://picsum.photos/seed/14/400/300,3,87,2025-10-16 21:09:16.743779
15,Laugh class paper base arm,Garden free back practice happen walk. Agent record structure one prepare organization.,https://picsum.photos/seed/15/400/300,2,67,2025-10-16 21:09:16.743779
16,Leave world science,Study car rule her newspaper teacher section. When institution agency which impact parent story. Degree cultural rule including physical safe. Same former picture western ability woman.,https://picsum.photos/seed/16/400/300,4,98,2025-10-16 21:09:16.743779
17,Position inside official hold,Onto prepare those admit. Stage report hear contain heavy upon. Speak school night international.,https://picsum.photos/seed/17/400/300,1,85,2025-10-16 21:09:16.743779
18,Free behind condition,Better red about perhaps green. Science door bar save.,https://picsum.photos/seed/18/400/300,1,70,2025-10-16 21:09:16.743779
19,Past occur for always,Big indeed tree visit. Officer everybody off special drop even. Ability picture manager product shake agree about.,https://picsum.photos/seed/19/400/300,7,76,2025-10-16 21:09:16.743779
20,Population leave speak,Civil near to where rock spring. Yes hard clear they.,https://picsum.photos/seed/20/400/300,2,34,2025-10-16 21:09:16.743779
21,Spend agree his performance,Than on bar occur surface keep role.,https://picsum.photos/seed/21/400/300,2,31,2025-10-16 21:09:16.743779
22,By it,He market voice art. Thank concern action individual. Others administration unit recent.,https://picsum.photos/seed/22/400/300,2,79,2025-10-16 21:09:16.743779
23,Body media discover easy,Professor show traditional show.,https://picsum.photos/seed/23/400/300,5,54,2025-10-16 21:09:16.743779
24,Force course box campaign difference,Myself big capital product open station check.,https://picsum.photos/seed/24/400/300,7,20,2025-10-16 21:09:16.743779
25,Understand political girl,Really girl sure fund.,https://picsum.photos/seed/25/400/300,1,68,2025-10-16 21:09:16.743779
26,Once explain very,Rock use south. Quite crime administration majority. Rest take little beyond road. Thank possible dream cover since.,https://picsum.photos/seed/26/400/300,8,9,2025-10-16 21:09:16.743779
27,Computer effort,Collection talk officer tend include. Use still successful south risk tough.,https://picsum.photos/seed/27/400/300,10,12,2025-10-16 21:09:16.743779
28,Film marriage write in,Huge allow example model town few majority. Offer subject particular bit economic fast fine rock. Every single address explain never audience.,https://picsum.photos/seed/28/400/300,7,28,2025-10-16 21:09:16.743779
29,Operation stay different down sit,Less age series series the. Week possible theory let pattern part.,https://picsum.photos/seed/29/400/300,5,54,2025-10-16 21:09:16.743779
30,Write usually design,Mission suggest site page town. Religious herself bill impact ask floor.,https://picsum.photos/seed/30/400/300,8,75,2025-10-16 21:09:16.743779
31,Race street perform,Recent prevent truth family along community whose player. Sure skill poor list TV subject.,https://picsum.photos/seed/31/400/300,3,87,2025-10-16 21:09:16.743779
32,Popular scientist any turn,List improve serious design. Find beat lay plan face clearly.,https://picsum.photos/seed/32/400/300,4,100,2025-10-16 21:09:16.743779
33,Hit doctor both,Clearly health notice bit set. Ago impact environmental what sign memory.,https://picsum.photos/seed/33/400/300,1,85,2025-10-16 21:09:16.743779
34,Night debate say professional within,Maybe quite image bed pressure.,https://picsum.photos/seed/34/400/300,3,20,2025-10-16 21:09:16.743779
35,Baby figure home officer son,In best street six price sort. Simply somebody along could carry especially just. Hour building spend suggest.,https://picsum.photos/seed/35/400/300,6,68,2025-10-16 21:09:16.743779
36,Whom pick very southern,Partner better turn factor detail thousand. Quickly daughter country cut environment edge name down. Long pattern catch woman raise easy popular.,https://picsum.photos/seed/36/400/300,5,12,2025-10-16 21:09:16.743779
37,Phone lose,Light alone represent development. Music resource position do if suddenly drop use. Member must memory resource policy.,https://picsum.photos/seed/37/400/300,10,64,2025-10-16 21:09:16.743779
38,Moment thus bar smile,Cut life fear boy. New article protect American case power teacher.,https://picsum.photos/seed/38/400/300,3,5,2025-10-16 21:09:16.743779
39,Fine here let party explain,Group security some after stuff her once. Four into lay game huge low rule.,https://picsum.photos/seed/39/400/300,8,85,2025-10-16 21:09:16.743779
40,Top road season course,Power why main wall. She trade federal answer kitchen goal.,https://picsum.photos/seed/40/400/300,7,75,2025-10-16 21:09:16.743779
41,During admit card author interview,Hope foot offer suddenly. Themselves purpose seat water.,https://picsum.photos/seed/41/400/300,9,36,2025-10-16 21:09:16.743779
42,Relate sea skill behind light,Somebody remember they garden through sport its. Force order discover exactly sense threat.,https://picsum.photos/seed/42/400/300,6,58,2025-10-16 21:09:16.743779
43,Data serious,Purpose case well though seat. Report standard wonder senior child image among. Federal board data newspaper I wide campaign might.,https://picsum.photos/seed/43/400/300,5,17,2025-10-16 21:09:16.743779
44,Hear party sure,Employee size pretty admit alone option. Trouble western car break early sort. Today north throughout little.,https://picsum.photos/seed/44/400/300,9,87,2025-10-16 21:09:16.743779
45,Environment decade difficult,Animal pass find man fast. Way great a campaign source professor. Design rise organization also.,https://picsum.photos/seed/45/400/300,1,64,2025-10-16 21:09:16.743779
46,Wife run behavior recently,Leg many effort station by long. Face pay customer development painting course else account.,https://picsum.photos/seed/46/400/300,2,51,2025-10-16 21:09:16.743779
47,Include join mission care,Pm really effect culture. Food base sure beautiful study image.,https://picsum.photos/seed/47/400/300,1,70,2025-10-16 21:09:16.743779
48,Class door believe,Although beyond important party skin. At right together coach.,https://picsum.photos/seed/48/400/300,5,17,2025-10-16 21:09:16.743779
49,Professor past,Institution others home job bar exist. Late responsibility expect south.,https://picsum.photos/seed/49/400/300,4,100,2025-10-16 21:09:16.743779
50,Whether operation necessary some color,Bill report coach rather many Mr.,https://picsum.photos/seed/50/400/300,8,54,2025-10-16 21:09:16.743779
51,Glass picture run quite,Develop amount mouth pattern behavior. Kitchen carry movement law. Possible line attention take.,https://picsum.photos/seed/51/400/300,10,36,2025-10-16 21:09:16.743779
52,Letter stop foreign,Within example research. Still rest raise nor your. Provide risk expert key many.,https://picsum.photos/seed/52/400/300,6,75,2025-10-16 21:09:16.743779
53,Management car,Source improve culture. Baby degree within middle name.,https://picsum.photos/seed/53/400/300,10,17,2025-10-16 21:09:16.743779
54,Past if race,Turn it draw find. Better speech least.,https://picsum.photos/seed/54/400/300,5,58,2025-10-16 21:09:16.743779
55,Manager pass arm couple building,Growth create with teacher.,https://picsum.photos/seed/55/400/300,7,79,2025-10-16 21:09:16.743779
56,Certainly bill great,Poor out event.,https://picsum.photos/seed/56/400/300,2,5,2025-10-16 21:09:16.743779
57,Job them finish,Whether middle decade player. Sound occur thousand fall. Explain say arrive street.,https://picsum.photos/seed/57/400/300,10,28,2025-10-16 21:09:16.743779
58,High poor energy,Alone card culture help official. Begin body relationship next analysis indeed drop. Newspaper candidate natural lead.,https://picsum.photos/seed/58/400/300,6,20,2025-10-16 21:09:16.743779
59,Nice stock success,Organization could girl improve decade soon. Outside however certainly detail cultural so. Investment necessary billion garden.,https://picsum.photos/seed/59/400/300,4,31,2025-10-16 21:09:16.743779
60,Police people,Become ever play total sign. Travel catch huge research.,https://picsum.photos/seed/60/400/300,8,58,2025-10-16 21:09:16.743779
61,Discussion stage another common,Peace should cost doctor would. Hear worry box onto would behind may. Hospital effort store current nor many product. Television ten federal teacher the.,https://picsum.photos/seed/61/400/300,10,61,2025-10-16 21:09:16.743779
62,Care method wide scene upon,Line despite late collection own mother. Wide give front manager.,https://picsum.photos/seed/62/400/300,1,58,2025-10-16 21:09:16.743779
63,Sing player old,Summer air hundred clear. Moment soldier around oil college low fact nature. Physical administration culture generation.,https://picsum.photos/seed/63/400/300,10,61,2025-10-16 21:09:16.743779
64,Conference service,Others response fly trouble Republican price game. Own key newspaper theory job. Half indicate present possible single successful.,https://picsum.photos/seed/64/400/300,1,20,2025-10-16 21:09:16.743779
65,Candidate loss there,Sign government company already discussion. Research from table lay white. Bed cover white common author hot role.,https://picsum.photos/seed/65/400/300,8,11,2025-10-16 21:09:16.743779
66,Modern force buy account,Administration style control cost. Theory sell our for force mention opportunity.,https://picsum.photos/seed/66/400/300,5,87,2025-10-16 21:09:16.743779
67,Computer politics nothing military fall,Prove theory bring computer show church. Us fill analysis hope safe picture.,https://picsum.photos/seed/67/400/300,3,64,2025-10-16 21:09:16.743779
68,Could positive organization,Do consumer bed color station old. Bar avoid positive someone attorney off human eat.,https://picsum.photos/seed/68/400/300,9,67,2025-10-16 21:09:16.743779
69,Property bank soon risk,Others order director and support that. Keep outside general. Project boy some away.,https://picsum.photos/seed/69/400/300,9,76,2025-10-16 21:09:16.743779
70,Development always simply,Current each certainly season region. Quickly common decade doctor life.,https://picsum.photos/seed/70/400/300,1,9,2025-10-16 21:09:16.743779
71,Society least tend society cold,Positive fast fight direction challenge. Around commercial price.,https://picsum.photos/seed/71/400/300,8,51,2025-10-16 21:09:16.743779
72,Buy have couple,Citizen size author year letter. All house agree until cut.,https://picsum.photos/seed/72/400/300,5,64,2025-10-16 21:09:16.743779
73,Tree choice,Baby social successful fight. End song opportunity population myself itself man. Sell present community direction today best skin.,https://picsum.photos/seed/73/400/300,1,61,2025-10-16 21:09:16.743779
74,Rich business team audience,Structure computer police return. Would Congress perform read production. Form great doctor common.,https://picsum.photos/seed/74/400/300,4,70,2025-10-16 21:09:16.743779
75,Stay parent behavior each data,Fall public in decade explain security. Wear pay medical ball too particularly represent. Event result along after.,https://picsum.photos/seed/75/400/300,2,98,2025-10-16 21:09:16.743779
76,Recent hotel population husband,He indeed few hand hear run available summer. Mission way here year toward design certain clearly. Wonder make rock could.,https://picsum.photos/seed/76/400/300,3,5,2025-10-16 21:09:16.743779
77,Account mean part,Like company office spring.,https://picsum.photos/seed/77/400/300,7,85,2025-10-16 21:09:16.743779
78,After control these short,Save goal task mention author risk million. Policy minute dinner at hold white.,https://picsum.photos/seed/78/400/300,7,51,2025-10-16 21:09:16.743779
79,Story the partner positive single,Sister yet fast force.,https://picsum.photos/seed/79/400/300,1,28,2025-10-16 21:09:16.743779
80,Site class class at,Wrong nor political whose future realize class. Stage Congress soldier. Culture something type off exist paper.,https://picsum.photos/seed/80/400/300,1,87,2025-10-16 21:09:16.743779
81,Debate decade,Employee lose organization. Method rate wife again significant share. Every feel huge miss hospital.,https://picsum.photos/seed/81/400/300,1,85,2025-10-16 21:09:16.743779
82,College discover,High wind since floor east expect he. Ten ask later. Fund building hand gun trip.,https://picsum.photos/seed/82/400/300,9,76,2025-10-16 21:09:16.743779
83,Do professor drive team into,Relate maybe whose seem put entire. Seem remain fact.,https://picsum.photos/seed/83/400/300,2,28,2025-10-16 21:09:16.743779
84,Decade hear wide their,Break sort behavior director. Skill white play affect significant entire away. Executive road us back.,https://picsum.photos/seed/84/400/300,2,76,2025-10-16 21:09:16.743779
85,Attention himself sign,Season enjoy than.,https://picsum.photos/seed/85/400/300,4,36,2025-10-16 21:09:16.743779
86,Billion movie eight leave for,Forget involve well interest meet paper. Approach discover picture. Vote final walk range international.,https://picsum.photos/seed/86/400/300,5,87,2025-10-16 21:09:16.743779
87,Field happen study,Resource season audience should oil its. Pretty knowledge human feel they against song. Significant form left land rate consider. Unit similar far couple none community industry.,https://picsum.photos/seed/87/400/300,3,12,2025-10-16 21:09:16.743779
88,Set accept,Mother last score however reach. Miss Mr effect media.,https://picsum.photos/seed/88/400/300,8,58,2025-10-16 21:09:16.743779
89,Interesting eat be,Yard hard stock fish.,https://picsum.photos/seed/89/400/300,2,5,2025-10-16 21:09:16.743779
90,Young collection,Nearly born herself how interest oil. First himself idea behind.,https://picsum.photos/seed/90/400/300,5,64,2025-10-16 21:09:16.743779
91,Fish majority help,Maintain camera two enter will quickly near. Stand shoulder avoid Congress list. Daughter fill product station.,https://picsum.photos/seed/91/400/300,2,34,2025-10-16 21:09:16.743779
92,Clearly so clear,Trial generation community ball. Daughter idea heart camera might here control.,https://picsum.photos/seed/92/400/300,3,79,2025-10-16 21:09:16.743779
93,Join ahead church responsibility,Boy move skill effect. Interest few catch movie young air seven. Along sure edge arrive table similar bed.,https://picsum.photos/seed/93/400/300,9,79,2025-10-16 21:09:16.743779
94,Nothing analysis since response citizen,Quickly involve year already partner. Finally wear each five idea authority position.,https://picsum.photos/seed/94/400/300,6,12,2025-10-16 21:09:16.743779
95,Site bed foot opportunity,Present life than two since. Admit improve sport. Able how white visit.,https://picsum.photos/seed/95/400/300,3,34,2025-10-16 21:09:16.743779
96,Account short space morning movement,Cell local society Democrat here ever. Reveal all leg west pick minute. See civil forward simply less campaign.,https://picsum.photos/seed/96/400/300,1,9,2025-10-16 21:09:16.743779
97,Increase challenge since within,Safe produce may race. Play later stop bill southern will speak. Develop health billion region happen weight woman and.,https://picsum.photos/seed/97/400/300,1,28,2025-10-16 21:09:16.743779
98,Traditional suggest event organization top,Risk value two technology. Industry issue new quite threat few. Travel soldier strong charge director compare might field.,https://picsum.photos/seed/98/400/300,5,70,2025-10-16 21:09:16.743779
99,Range sit today book support,Give two dog management. Sign know laugh laugh administration main.,https://picsum.photos/seed/99/400/300,6,54,2025-10-16 21:09:16.743779
100,Explain out purpose whole place,Item organization arrive know contain. Season success foreign however government. Value energy moment travel look.,https://picsum.photos/seed/100/400/300,10,9,2025-10-16 21:09:16.743779
