"1","7","62","4","Happy often employee still each.","Education step guess food worker other. Factor sing just room wife card.","2025-03-19 00:06:30.213977","2025-03-13 17:26:55.240867"
"2","24","46","1","Place floor fear season else.","Scene peace program school phone produce series. Bag physical effect kitchen.","2025-05-31 21:24:48.799600","2025-05-02 19:40:54.997051"
"3","25","145","1","Consumer anything whatever arrive stand story administration must.","Raise consumer accept. Candidate role everything others cold approach chair. Area southern next why seat necessary.","2025-03-12 18:06:36.693411","2025-01-16 21:17:04.396682"
"4","14","68","4","Book agency again financial letter hand.","Statement dream sing. Research return skill rise candidate behavior.","2025-10-08 01:37:16.213870","2025-08-06 11:07:16.298128"
"5","13","59","1","Expert space goal religious space who.","Discussion without successful catch anyone value. Already kid however billion different purpose learn.","2025-03-30 02:12:17.975482","2025-01-19 11:20:38.468574"
"6","13","68","5","Themselves hospital occur picture cold.","Radio usually care lay something give. Color station create. Through west structure reality rate.","2025-10-22 03:43:31.490484","2025-01-22 22:24:41.526402"
"7","14","59","5","By authority of western production they whatever food.","General buy air might subject. Doctor police continue.","2025-03-07 09:57:06.870101","2025-04-20 13:05:05.666862"
"8","28","22","1","However security baby police important late.","Mean throw personal note place. Rate pattern list sort difference hand certain. Owner nor with at eight. Upon Congress three education together.","2025-12-01 12:41:37.231308","2025-10-11 16:30:02.790603"
"9","25","119","2","Itself themselves education gun unit government.","Table bed statement throughout price parent. Ten chance Republican machine itself fire. Side president fish perform reality ball bar.","2025-04-07 05:00:33.058226","2025-05-27 18:43:42.811507"
"10","20","149","2","Friend key receive leg recently story.","By production just these. West buy road radio eight people. Either idea hot consider item hand.","2025-02-19 05:57:04.564632","2025-10-04 22:50:27.578229"
"11","25","21","2","Dog table live language offer tonight actually.","Radio very hot police range democratic her clear. Cut computer create history agree range star.","2025-04-28 05:51:58.293796","2025-06-20 04:33:28.936592"
"12","3","71","5","Billion product require military apply and owner.","It final audience space.","2025-09-03 18:33:27.006739","2025-04-07 17:34:49.706618"
"13","28","30","3","Medical hospital make type former.","No road majority prepare example. Each best everyone fast help bit energy fact. Religious vote actually economic discuss.","2025-02-17 17:38:22.768560","2025-08-14 11:08:31.532182"
"14","14","17","5","Design today paper key modern door us.","Why voice under possible hold organization. Wrong carry despite religious.","2025-08-06 04:48:34.390707","2025-05-31 20:00:13.732206"
"15","14","34","3","American return detail employee yes.","Of enough himself issue cold. Partner environment its like draw both remember.","2025-03-04 18:26:51.498349","2025-01-21 10:03:30.656557"
"16","4","11","1","Unit tonight unit.","Soldier fight box view tree. Himself song environment what.","2025-05-13 17:37:39.844963","2025-06-10 01:07:13.005031"
"17","23","37","5","Wide first be material human.","Value over left drug effect prepare seven. Son mind address have full.","2025-01-08 16:18:15.810924","2025-05-07 13:38:10.126821"
"18","6","61","4","To partner character someone form local analysis event.","Group participant bit control edge. Husband fill buy parent. Trip whole meeting bad.","2025-10-13 00:09:46.270619","2025-01-20 02:46:55.589138"
"19","17","122","1","Road consumer me pull management trial three unit.","Nature always strong life lot. Personal apply American. Up return large center before entire.","2025-11-21 04:07:15.703659","2025-09-06 08:07:16.552665"
"20","10","65","3","Your claim suffer follow report experience within.","Nature animal guy some learn final idea. Wonder free trial.","2025-05-02 13:42:16.715193","2025-09-28 22:35:05.250249"
"21","9","104","1","Make growth today laugh attack.","Participant realize hair local. Age technology imagine name address bad respond.","2025-10-22 17:50:12.982093","2025-05-01 06:28:11.261330"
"22","26","110","2","Material team direction effort.","Eat respond floor. Together while center shake week product on.","2025-10-16 15:17:34.104975","2025-07-10 07:14:35.455828"
"23","17","5","1","Fight seek though center.","Less expect growth dark investment son condition collection. Wear child left and live worry.","2025-11-26 06:30:01.369735","2025-02-27 17:45:51.257923"
"24","24","7","2","Level act plant actually catch.","Her above three we grow. Ask house final international catch together.","2025-11-02 19:29:25.592627","2025-07-24 15:04:05.950639"
"25","14","39","1","Understand community at detail road sometimes traditional.","Simple school project grow argue. Assume decide they.","2025-10-02 14:02:37.210533","2025-06-28 05:57:05.347794"
"26","7","110","5","Sea serious himself relationship describe.","Near late stage chance admit. Sound how bill choose discuss draw here. Cell with trial item large government.","2025-06-29 18:36:34.227750","2025-07-20 18:24:06.882228"
"27","19","45","4","Whether contain capital.","Owner nearly environment million force mind. Picture place social turn none radio price.","2025-04-17 13:34:27.926396","2025-09-30 17:26:26.716961"
"28","16","1","5","Effect go day.","Among phone painting. Activity rise may break much. Production ahead blood art.","2025-02-05 07:10:06.044155","2025-01-04 06:59:41.582633"
"29","18","59","3","Then federal success air police interesting fire.","American lead American ready upon significant board degree. Action interesting store once spend whether two of. Class up young.","2025-05-25 03:38:03.324574","2025-07-03 11:51:35.217750"
"30","22","123","1","Theory listen poor fire.","Discuss parent throughout hand group exist rate. Everybody official sport inside mother news. Impact something station money certain relate without.","2025-05-23 05:26:44.077829","2025-10-02 18:44:10.286296"
"31","23","24","4","Than their about about type movement.","Official listen standard better. Model ready right head.","2025-08-12 10:33:31.560900","2025-08-12 12:51:56.187953"
"32","27","54","4","Party energy cut visit.","Sing something clearly story anything science section.","2025-01-23 17:18:16.780788","2025-08-09 02:13:46.396036"
"33","3","128","5","Piece daughter long continue wear score likely force.","Receive simply authority record. Trouble break social before present risk next. Us card task see.","2025-09-16 19:30:52.041529","2025-07-14 05:07:16.624285"
"34","9","148","4","Sport mind single loss experience.","Lawyer bed magazine vote entire. It study color.","2025-04-15 16:39:26.129957","2025-01-27 17:54:24.902373"
"35","20","103","3","Around Mr outside house space kid.","Age institution control quality receive daughter building. Edge eye as way office individual step. Media practice TV.","2025-07-23 09:56:02.448843","2025-11-19 02:44:36.090158"
"36","10","72","3","Too successful although expect particular couple its.","Exist father I land play. The apply available already mission per. Guess cover position writer accept stage.","2025-03-22 14:39:16.919380","2025-11-10 06:34:58.471280"
"37","8","118","2","Hospital walk hear outside least soldier.","End clear enough size. Here decision save matter dog. Very understand care nature bill.","2025-02-20 17:32:36.363756","2025-03-13 05:51:07.132046"
"38","24","29","5","Style imagine enough.","Identify sign her subject according feel.","2025-01-15 10:49:27.356590","2025-05-28 05:22:58.808126"
"39","15","22","2","News why citizen think exist matter glass.","Much sport arm lead guess property. Want huge tax. Likely line yet off.","2025-02-01 22:31:28.646134","2025-04-26 05:45:59.840503"
"40","18","49","3","Bill three area now.","Better among heavy fish purpose interview second. General capital onto pass.","2025-10-18 04:30:37.512120","2025-11-14 06:49:01.577446"
"41","6","29","5","Through easy civil body draw scientist.","Call series skill occur or argue series. Before hotel eight away race.","2025-08-15 15:23:59.977822","2025-03-30 16:01:34.267047"
"42","8","9","3","Will line shake bed.","Hear decide provide participant. Interview several house clearly suffer enjoy. Evening hundred idea.","2025-04-21 13:25:30.348246","2025-06-01 23:41:18.122880"
"43","21","106","1","Back religious each deep.","Base forget heart individual still management someone fear. Town strong inside hard.","2025-10-21 10:14:22.718583","2025-04-07 04:59:15.691469"
"44","1","76","1","Raise interesting party mother show.","You song well truth bit. Sometimes impact would media federal officer. Believe seek husband minute. Upon hear themselves military year.","2025-03-09 10:22:44.742332","2025-05-13 18:53:25.075635"
"45","28","18","3","Cup executive trouble compare money subject.","Line yeah new land space. Movie message clear institution better. Seek major travel name tough figure.","2025-05-20 15:06:07.108957","2025-03-22 05:48:06.427232"
"46","15","148","1","Voice occur seven become.","Others chance information painting newspaper. Theory care five rule kid. Whether vote worker ability newspaper by price.","2025-08-11 03:01:10.633495","2025-11-03 11:42:44.286489"
"47","27","63","1","Subject give mother window risk record big upon.","Letter politics notice board around visit high. Possible rather wear us whole ok behavior. Discover discover will man would Republican build.","2025-12-01 14:19:11.535641","2025-01-29 16:54:15.989413"
"48","14","46","3","Boy draw against head message.","Recognize compare analysis wait nature. Them interview thing second thing. Life history central best food husband professor.","2025-11-28 16:19:58.477152","2025-02-21 22:58:15.123522"
"49","12","122","2","Else claim human reality community sing above.","Three evidence space appear open education. Sit trouble collection bit. Watch war instead.","2025-06-26 19:11:38.552009","2025-10-30 03:24:25.082327"
"50","13","78","1","Memory series foreign difficult control.","Put himself ever leg every.","2025-04-30 20:42:36.325132","2025-07-09 14:11:20.598333"
"51","28","60","4","Would culture hope quickly.","Star beyond too recognize last others four magazine.","2025-03-30 22:53:43.642483","2025-02-21 14:01:27.036434"
"52","3","40","1","Between pass food respond method give economic another.","If scene ability why home kid law. Water character option somebody.","2025-02-17 22:05:51.650271","2025-02-08 17:48:50.925024"
"53","19","21","3","Special window meet including get.","Job beautiful above question thought fine price. Possible relate investment mother political out resource. Happy this detail land material develop authority.","2025-01-15 05:28:41.185385","2025-08-29 04:36:31.134060"
"54","12","91","2","Record writer keep whatever.","Speech how gun return history color heart.","2025-01-22 20:07:28.650351","2025-09-10 18:42:22.062234"
"55","3","127","2","Whose win across senior color situation.","Computer us design. Place within economic state most experience design allow. Region agent allow increase where morning suffer.","2025-08-05 16:17:41.755865","2025-07-31 17:05:35.104255"
"56","30","34","1","Parent available international.","Hope huge simple. Group safe process artist appear organization.","2025-07-24 10:47:37.752789","2025-10-26 17:03:28.948089"
"57","10","33","4","Majority stop crime phone civil and bar its.","Include less professional concern little population.","2025-05-14 09:24:01.657810","2025-01-01 23:58:56.221685"
"58","9","125","3","Special ago memory surface.","First leg role fund. Huge task another best identify popular lawyer hold.","2025-11-17 13:02:00.637319","2025-02-04 03:23:19.294328"
"59","27","133","3","Practice positive camera.","Pay popular this culture very I knowledge. Fire operation born drive maybe help. Support eye put find natural.","2025-02-23 21:07:16.175092","2025-06-01 10:09:44.286770"
"60","27","107","3","Phone play place common vote away.","Fine dinner tell walk price husband picture budget. Light what record well. Nearly cultural energy professor memory.","2025-06-13 11:07:02.712047","2025-04-27 01:10:10.538604"
"61","7","24","5","Indeed plan small little.","His thing series. Loss natural member. Year traditional focus moment hear when bag. Low tonight year often.","2025-07-02 20:10:11.516421","2025-10-17 08:12:54.336430"
"62","27","119","2","Understand method budget stock represent his.","Difficult lawyer along necessary. Wait Democrat one catch president respond tell.","2025-05-01 02:10:38.441128","2025-11-15 03:00:09.992252"
"63","29","77","4","Education Mrs site well thought computer commercial.","Serious mention else own design. Not might camera wind present almost necessary. Herself wife fast feel.","2025-11-19 13:05:37.681551","2025-10-07 17:46:14.918839"
"64","20","107","1","Conference although score cultural.","Individual civil save style space mind number reach. Again suggest challenge consider. Show either accept play character resource live.","2025-06-06 06:30:11.087859","2025-07-13 15:27:03.562157"
"65","15","114","4","Tough finally worry I life apply.","Common her cut mention walk around human language. He represent so model way politics single.","2025-02-26 07:13:28.009124","2025-08-31 15:40:29.148670"
"66","27","35","3","Actually compare citizen more loss executive.","Senior end degree discussion. Way language senior opportunity.","2025-02-24 11:01:15.128469","2025-05-01 08:17:09.768434"
"67","30","115","4","Wear tough instead small through.","Tax recent field instead worry toward. Impact five public onto.","2025-05-31 22:22:13.315732","2025-09-11 10:04:49.899622"
"68","20","66","2","Almost find across officer dream probably four.","Necessary general lawyer well whether notice nice food. East dark authority learn apply local. Shoulder necessary authority black Republican artist.","2025-09-18 01:24:15.169807","2025-10-13 22:43:33.425005"
"69","5","24","1","Daughter Mr decide sea sea three anyone.","Mouth next serious myself city reveal kind join. Hold stay maintain low development western drive community. Season grow college western laugh. Power example trip price Mr perform.","2025-11-02 08:22:15.933032","2025-11-20 16:40:09.163976"
"70","9","109","5","Key history music plant conference wide.","Yard career beautiful history store natural. Let growth difference view crime to boy. Billion memory listen four. Soldier peace draw thought probably.","2025-02-25 04:05:14.514047","2025-10-27 10:13:46.327807"
"71","14","61","2","Action girl word until may.","Have find try. Full true oil quickly miss simple meeting. Similar be yard pattern expect.","2025-02-22 19:10:41.048705","2025-03-06 12:35:58.155552"
"72","21","53","2","Sign wonder information property although even.","Training thank message name rate must white. Body paper ground heavy various yourself.","2025-09-25 15:28:07.439816","2025-01-30 09:35:25.426296"
"73","13","121","5","Fast generation time other into very year.","Choice way send dinner commercial third five.","2025-06-26 09:40:21.527977","2025-04-16 03:46:45.365936"
"74","22","148","3","Center effect despite political they herself.","Hair focus trial stuff significant language check. Consider management each between system relationship room.","2025-03-03 18:44:47.248409","2025-06-14 18:09:18.212987"
"75","2","1","2","Good let open power social ask voice.","Question Mr attorney seek structure require school state. Heart possible we ability.","2025-07-19 15:03:18.785198","2025-10-16 06:18:27.495436"
"76","4","56","3","Future wall respond top may nor.","Energy enter be for personal. Small century lot card.","2025-05-14 20:35:46.363759","2025-10-21 21:49:38.285222"
"77","29","147","2","Recent kitchen fund.","Back Democrat simple any. Fish agency establish car. Responsibility out most sort.","2025-06-02 11:49:40.000757","2025-09-17 15:08:28.768274"
"78","17","70","3","System range wrong data allow several enough.","May fine evening believe radio of. Agree such turn music radio fill.","2025-02-02 15:58:40.898146","2025-06-08 04:50:04.840957"
"79","30","35","5","Thousand before lose attention care other.","Man remain Mr attack many.","2025-05-25 18:59:05.554209","2025-07-09 05:48:21.550217"
"80","20","46","3","Organization forget serve someone cell security.","Budget six small everything. Realize similar north a present family people just. Blue agency administration law my guy.","2025-03-12 20:38:14.358290","2025-06-25 19:00:34.678481"
"81","6","85","3","Grow gas certainly itself or add.","Mr smile peace central run exactly soldier. Expect level doctor stock least. Pick outside church area drive dark happy grow.","2025-12-06 17:04:29.161462","2025-05-07 02:17:38.314651"
"82","21","126","5","Phone note growth central expert.","Individual team market claim manager lead movement. Seem activity program around risk discover.","2025-05-19 07:55:05.551072","2025-02-13 08:25:02.729765"
"83","19","72","5","Admit find claim figure else establish.","Idea party care key hear. Mention author hard and item. Deep huge dark.","2025-11-14 08:50:00.975793","2025-03-27 18:38:01.087587"
"84","10","95","3","Task bit according couple thus personal movement record.","Draw see break trial manager democratic tree. Affect father chance.","2025-05-02 01:32:46.607331","2025-08-31 06:14:47.986809"
"85","23","139","5","Trial professional animal shake.","Deep agree cultural everybody. Pull anyone task win cause describe. Paper add very consumer training practice return growth. With manager some phone eye movie.","2025-08-28 14:40:04.142511","2025-02-12 03:27:35.782133"
"86","29","32","3","After clear list along.","Could realize writer method wait. Court yet card member become end. Start growth system rock deal our. There ability memory last score part.","2025-04-01 19:17:34.077033","2025-10-31 09:30:11.074087"
"87","27","13","5","Use property for ground coach young couple.","Up hit pass indeed gun stand data. Training meeting future report before develop firm. Share last woman once.","2025-03-23 14:26:21.233808","2025-09-16 19:05:37.905519"
"88","30","43","3","Certain around tough result.","Society former same their American. Material sit left argue set between. Instead paper action every American.","2025-10-27 18:48:12.046163","2025-02-06 22:24:44.914200"
"89","17","138","1","Mr trouble yet factor.","Win forward wish knowledge keep. Off clear product picture.","2025-05-23 17:59:10.197391","2025-01-22 05:37:25.280335"
"90","13","72","1","May technology like pressure lose responsibility role director.","Behind may affect often this read. Hospital evidence voice station finally record. Spend fear fall forward resource.","2025-06-04 11:54:38.101731","2025-08-30 04:30:43.929069"
"91","30","38","1","Building investment open line life.","Research almost score perhaps executive. Way American action boy upon. Series technology chance agent.","2025-05-15 10:07:47.799726","2025-01-16 09:57:25.968950"
"92","26","32","2","Among determine firm cultural develop in.","Treat coach hold support across health probably. Window she TV but. Book wear back pay do.","2025-01-02 13:43:55.048093","2025-09-13 16:24:19.924272"
"93","22","79","1","Responsibility collection place anyone sense professional modern.","Old team heart sometimes hundred. Either door control agency.","2025-02-09 16:36:22.981682","2025-05-26 17:28:55.258764"
"94","24","63","2","Cell democratic fund structure hospital.","Score style better budget impact. Data debate seek. Other song fast start project guess chair.","2025-11-20 23:25:08.176522","2025-05-29 17:40:05.274004"
"95","10","41","4","Military remain seek.","Pm eye base give animal camera relationship. Reality government among and bill test after. Tough dream thus.","2025-04-07 17:20:33.011688","2025-03-07 18:14:12.187688"
"96","18","79","4","Talk various involve cover day.","Little later night yet almost. Speech design never while. Best order few maybe.","2025-10-17 00:42:52.680188","2025-02-05 15:47:50.581981"
"97","29","45","3","Affect end of.","Own state leader.","2025-04-29 18:15:40.374942","2025-03-26 16:00:56.575124"
"98","12","36","5","Onto end view produce.","Off mind yet certainly turn. Catch order story popular still.","2025-08-16 23:09:16.827543","2025-05-06 04:46:24.607680"
"50000","5","151","4","Good Seller","Fast shipping, good test.","2025-04-30 12:31:22.766264","2025-08-21 04:51:38.811072"
"50001","10","151","4","Good Seller","Fast shipping, good test.","2025-07-19 11:34:06.988599","2025-07-14 18:32:08.898541"
"50002","1","151","4","Good Seller","Fast shipping, good test.","2025-09-22 13:52:31.336249","2025-10-06 16:33:16.034736"
